feature,is_existing,gain_pct,mean_abs_shap,perm_delta_auc
D2,False,4.98089523208965,0.2110123293837429,0.023537832851742234
C1,False,8.629986496255952,0.09023991646496596,0.021517514556821115
id_19,False,7.393661211722304,0.14953734226322368,0.016601690500482314
C6,False,1.581417200133927,0.06580439496054508,0.01631250941582981
C9,False,1.1249869444400382,0.0644015467800199,0.013627194147265131
D15,False,2.3662932549026396,0.11696566571954609,0.00969000449422478
C5,False,1.5302760840588143,0.15962290152759595,0.007773835763279035
C11,False,1.4926213732847025,0.0586319730621645,0.006801023251282734
C2,False,2.180808299060005,0.08042364533348983,0.006750059209258053
amt_zscore_7d,True,1.584890546504972,0.10516704212815689,0.005784316013407653
C8,False,0.6883881822532505,0.050088514718918224,0.005567860670988423
V258,False,17.327240037733493,0.06926162892653674,0.0050596693046639826
V294,False,4.542172271783146,0.12177678272569528,0.00486871675029692
id_20,False,5.006441417963004,0.07675376302732388,0.0039484614628985445
V102,False,0.1640928507089026,0.018909111187005292,0.0037969282024591933
amt_mean_24h,True,1.3980677367987355,0.1161365096327732,0.003507209871787276
D10,False,2.0474813435424766,0.041848656203641824,0.0033467682524523147
amt_sum_24h,True,0.7553477909189553,0.04678158655445895,0.002594531695115798
M6,False,0.6355184011189762,0.07902397960126827,0.002562987154840346
V308,False,2.3993668565087405,0.0808271558304014,0.0024005818905163067
D8,False,1.5383657574910352,0.036630041469637234,0.0023893489177198024
txn_count_24h,True,1.1808117204875783,0.044806131283756476,0.0022103802938884367
D3,False,1.0990085816895026,0.06816615949737499,0.002191365129103362
id_31,False,4.259371688770592,0.055963631112043055,0.0020085612375538298
V70,False,0.9021103592698984,0.12600665565656366,0.001857213100441657
secs_since_prev_txn,True,0.5269622318971934,0.04215241035577881,0.0018129553559172785
distinct_addr1_24h,True,1.3908445509646226,0.03329515539261167,0.0017309547839595928
D5,False,0.7376894751671761,0.09159133595058185,0.001499089866405967
V307,False,0.6510389541619069,0.030679068076715603,0.0014812692649086134
M4,False,0.547751740374382,0.1077624696766246,0.0014569332069166551
V30,False,0.0616451566077959,0.006384496788474642,0.0013515102188421779
id_33,False,1.0406339127200968,0.02783466719598719,0.0012088120662849477
id_14,False,0.1658428790547775,0.0047363984859931695,0.0011958818060137876
C4,False,0.8716075215111478,0.021695694142185168,0.0011226414727137923
V74,False,0.5454771233189979,0.015553748786040322,0.001073048271084487
V126,False,0.11138828825342102,0.011496906355256244,0.0010471161177396215
V94,False,0.1654350780110155,0.019079445814646854,0.0010447333561269146
V283,False,1.0863905965901954,0.018416856639948017,0.0008952941684753802
id_38,False,0.3285619006566025,0.008826330676009561,0.0008639870736794952
C12,False,0.5565348716484573,0.009737344604923644,0.0008379312890217094
V69,False,0.12375702506405947,0.018996826099313826,0.0008376858603682646
V58,False,0.48184393694354594,0.018381561548564317,0.0008110363001902155
V29,False,0.07493487823016488,0.010363119475843173,0.0007753672639679854
V274,False,0.33844102349082766,0.0067748710041044555,0.0006656132962356342
C10,False,0.7960850738590362,0.010660714916850736,0.0006499968058674477
V317,False,0.5320705974746575,0.012786116810711852,0.0006035415309382675
V257,False,0.8498675939999106,0.00989801818370239,0.0005864032750379167
V291,False,0.15342341519601146,0.004988602580198886,0.0005266752185300261
V49,False,0.40840891791637585,0.06757572881602064,0.0004951647685642047
V91,False,1.1285253807864943,0.10500184197232372,0.00043240116416590755
id_25,False,0.29455067863410567,0.001838554649286421,0.0004009296591424349
V279,False,0.10676986949975094,0.007200677357446556,0.00037731694142362215
V133,False,0.3361959953316769,0.014828477172123017,0.0003738231162057182
V306,False,0.12846334943361165,0.00520690985885092,0.00037171857898744555
V81,False,0.16825563414578415,0.004996003201898385,0.00037042627576122644
V280,False,0.07231922246406869,0.004658820505046369,0.0003336600925474831
V33,False,0.12444199102457783,0.010741464505688622,0.0003231887576820913
txn_count_1h,True,0.06143374024620469,0.006013758726797613,0.0003117504878624833
V128,False,0.29813874397813156,0.0223710792265307,0.00030896964636796255
V97,False,0.049439074945979586,0.004832504984836669,0.0002947561448516378
V292,False,0.0836712949987648,0.006932375387275611,0.0002915526266695556
V34,False,0.05995244498562315,0.007794791721143237,0.0002846984246928086
V103,False,0.012386567207907375,0.004424857105126676,0.000278534227844629
V79,False,0.2584062911635245,0.004130312329521471,0.00026463735626142126
id_35,False,0.07014928561202301,0.00282306544405201,0.0002532787024181582
V51,False,0.03911969651306873,0.008084196736511971,0.0002521723855649305
V52,False,0.5542442003057818,0.025876431181732384,0.00023136348793540985
V101,False,0.006780630113493375,0.0032834684603427968,0.00022395467114224576
amt_sum_1h,True,0.1459486121012679,0.006664809039780291,0.00020113088517842437
V217,False,0.3408838467733028,0.01588211485433931,0.00017701565903416316
V318,False,0.19363359550562342,0.0017247218746998022,0.00017472632213093585
V134,False,0.06382192327524583,0.0016029208857819208,0.0001637466532809162
V132,False,0.13367892953980165,0.0023786324858103875,0.00014627623262269962
V282,False,0.41345922946628305,0.007345013331933079,0.0001413839495434388
C7,False,1.2465096636629194,0.005174826325132661,0.00013890830262496267
V73,False,0.056204338138884084,0.005513391184594754,0.00011852779936153413
id_12,False,0.29966698559099053,0.007352181945190825,0.0001142142963815207
id_21,False,0.1514791838905227,0.0021306059598993504,0.00010779280399991764
V80,False,0.048082240758380954,0.001221421757066569,0.00010229552580476309
id_18,False,0.03125555584605141,0.004564405876356017,9.298639000914211e-05
id_15,False,0.006122693158623978,0.002916081038745762,9.178060712576875e-05
V263,False,0.07841089966941935,0.0017860789848134497,9.050836971471465e-05
V90,False,0.08572399618258353,0.0032896141967334825,8.758803844046703e-05
V57,False,0.043820772977158,0.001313779946107497,7.927205261563098e-05
V16,False,0.014042624691916378,0.0005674733449614014,7.784511424236973e-05
V40,False,0.04437840051223739,0.005150778921101899,7.671322965686622e-05
V203,False,0.13791831012459105,0.0028102556106942194,6.462141839437274e-05
V232,False,0.03869787601655718,0.001131056770020994,6.400185938038039e-05
amt_mean_1h,True,0.16804759361323954,0.0036629421056475777,5.926600335494081e-05
V204,False,0.15045369007576218,0.0027295644983245993,5.9004284711716706e-05
V85,False,0.07404181980127043,0.0011880734424763923,2.5387895078188284e-05
V50,False,0.013933329657334391,0.00033994784662188046,1.9886517415446113e-05
V43,False,0.05095157731710506,0.0022391683389038942,1.982858546512034e-05
V39,False,0.03033738075982118,0.0020309786845610716,1.882270556848864e-05
V264,False,0.24295251095416787,0.00527294393002361,1.7613902024793403e-05
V275,False,0.016155857191741098,0.0009104117935821892,8.253091361043463e-06
id_36,False,0.01424051491657956,0.00030539425612143624,7.971954187013797e-06
V230,False,0.008957546413413573,0.0003212301244803057,7.83214076507388e-06
V95,False,0.02272112453639513,0.0028395031581154306,3.856088698439564e-06
id_28,False,0.003306471234555111,9.296824344551155e-05,2.7904428791969417e-06
V92,False,0.005788709069993915,4.115186885556917e-05,1.8831659668649968e-06
V84,False,0.0044999812825464855,0.0002565555872457552,1.430714198702443e-06
V15,False,0.0,0.0,0.0
id_32,False,0.0,0.0,0.0
id_22,False,0.0,0.0,0.0
V31,False,0.0,0.0,0.0
V42,False,0.017677393295117593,0.00042263526103331105,-9.16878297052559e-07
id_29,False,0.0010289253681800474,3.481710921542911e-05,-9.297161035370926e-07
id_37,False,0.03302774328115359,0.0003675373402732627,-5.451428886293908e-06
V48,False,0.01723017286576435,0.0038585673484548434,-5.686069467114585e-06
V233,False,0.046805478318292806,0.0012512507891604312,-8.079295510243778e-06
V265,False,0.041599939069917755,0.0002962242092005535,-1.2065164723040755e-05
is_new_device,True,0.054972614744205055,0.0006070706766441416,-2.228244047681738e-05
V93,False,0.010010373778856758,0.00031294258076102236,-2.3804098128210606e-05
V71,False,0.029298499582106233,0.001599807627961526,-3.573311737399276e-05
id_26,False,0.013066432658105498,0.0004182889181819126,-3.630736648265742e-05
V72,False,0.1440075927629519,0.003291880532613038,-3.695982911837703e-05
V295,False,0.04711829018798693,0.001286655728842192,-4.9496001094517796e-05
id_16,False,0.048572814869173475,0.00265348741959493,-5.934572721210119e-05
V229,False,0.07410747379205547,0.0018123428373944606,-8.746818295305437e-05
V168,False,0.03408783342963928,0.0022508887437095006,-0.00010999497327597307
V218,False,0.13636443377881594,0.0014693588643075444,-0.00016147889252304815
V32,False,0.014899055472605933,0.000948492879510298,-0.00021198109715634406
V60,False,0.04808323120839647,0.0036416313667468597,-0.0002505248311054142
id_13,False,0.2583168057258735,0.007856459331421125,-0.00027805361920683056
id_17,False,0.07158526344397921,0.006244619743079653,-0.0002895967490928464
V219,False,0.1633634403846527,0.0045626556376746966,-0.0002996917959831924
id_30,False,1.1051459332816402,0.03868424882161578,-0.0004894548574566171
