column,kind,missing_rate,flag_high_missing,flag_near_constant,corr,auc,rank_metric,cramers_v,fraud_rate_spread
C4,numeric,0.0,False,False,0.030382136305078477,0.6876954862768906,0.6876954862768906,,
C8,numeric,0.0,False,False,0.03213871315829238,0.6831832044131763,0.6831832044131763,,
C10,numeric,0.0,False,False,0.028395987456789302,0.6779219540533424,0.6779219540533424,,
C12,numeric,0.0,False,False,0.03190528171122422,0.6634604326403511,0.6634604326403511,,
V303,numeric,2.0320384732617603e-05,False,False,0.12428666375043979,0.6625287029415604,0.6625287029415604,,
V304,numeric,2.0320384732617603e-05,False,False,0.13149791827621563,0.6603523193229378,0.6603523193229378,,
D5,numeric,0.524674027161581,False,False,-0.06463762954147734,0.6596705918225709,0.6596705918225709,,
V302,numeric,2.0320384732617603e-05,False,False,0.13290347239519273,0.6579747973272144,0.6579747973272144,,
C7,numeric,0.0,False,False,0.028160291640635313,0.6474387200047707,0.6474387200047707,,
V283,numeric,0.0021488806854743116,False,False,0.11273124389390092,0.6461371838733303,0.6461371838733303,,
V218,numeric,0.7791343516103905,False,False,0.04756506862669431,0.6441231865959895,0.6441231865959895,,
V264,numeric,0.7791343516103905,False,False,0.00935772789983446,0.6433945584400468,0.6433945584400468,,
C5,numeric,0.0,False,False,-0.03075396671325173,0.642417617586954,0.642417617586954,,
V94,numeric,0.15098723202492634,False,False,0.18840709497742528,0.6408613720158487,0.6408613720158487,,
V52,numeric,0.2861262573238053,False,False,0.23946916785412414,0.6405714389225272,0.6405714389225272,,
V219,numeric,0.7791343516103905,False,False,0.04604195893282509,0.6401424516240812,0.6401424516240812,,
C9,numeric,0.0,False,False,-0.03170341586419546,0.6400281701045178,0.6400281701045178,,
V265,numeric,0.7791343516103905,False,False,0.014224070688920502,0.6393299719093435,0.6393299719093435,,
V34,numeric,0.1288193856470349,False,False,0.18030059415433677,0.6393261664657868,0.6393261664657868,,
V51,numeric,0.2861262573238053,False,False,0.2231911021665809,0.6380730325565249,0.6380730325565249,,
V33,numeric,0.1288193856470349,False,False,0.1834861890616364,0.636617568927398,0.636617568927398,,
V91,numeric,0.15098723202492634,False,False,-0.10545301705361207,0.6365869939180895,0.6365869939180895,,
V70,numeric,0.13055169844549055,False,False,-0.10089993699583272,0.6364898409920676,0.6364898409920676,,
V90,numeric,0.15098723202492634,False,False,-0.1101680285092468,0.6363031122277705,0.6363031122277705,,
V282,numeric,0.0021488806854743116,False,False,0.10412294409398622,0.6358975366808248,0.6358975366808248,,
V69,numeric,0.13055169844549055,False,False,-0.1045206308787794,0.635671380063214,0.635671380063214,,
V30,numeric,0.1288193856470349,False,False,-0.10308792418958969,0.6354373753259978,0.6354373753259978,,
V29,numeric,0.1288193856470349,False,False,-0.10785177266358224,0.6354012457558895,0.6354012457558895,,
V79,numeric,0.15098723202492634,False,False,0.19414094448022584,0.6352158129170713,0.6352158129170713,,
V93,numeric,0.15098723202492634,False,False,0.18098315664200093,0.6323334677793174,0.6323334677793174,,
V203,numeric,0.763553696616656,False,False,-0.019941921586457714,0.6322852280149003,0.6322852280149003,,
V92,numeric,0.15098723202492634,False,False,0.18051313293681634,0.6315510830889074,0.6315510830889074,,
V168,numeric,0.763553696616656,False,False,-0.016021114588499065,0.6309324738258246,0.6309324738258246,,
V204,numeric,0.763553696616656,False,False,-0.020747956187807934,0.6304137519679552,0.6304137519679552,,
V217,numeric,0.7791343516103905,False,False,0.04578522121954061,0.630183910157802,0.630183910157802,,
V40,numeric,0.2861262573238053,False,False,0.21244182978302084,0.6301262526413662,0.6301262526413662,,
V263,numeric,0.7791343516103905,False,False,0.014730419798002591,0.6294566751642106,0.6294566751642106,,
V15,numeric,0.1288193856470349,False,False,0.1779630498131749,0.6293027351828381,0.6293027351828381,,
V16,numeric,0.1288193856470349,False,False,0.1743182303677317,0.6292929378248633,0.6292929378248633,,
V258,numeric,0.7791343516103905,False,False,0.29715149798963636,0.6292400097995031,0.6292400097995031,,
V50,numeric,0.2861262573238053,False,False,0.1799532856660305,0.6291409483981675,0.6291409483981675,,
C2,numeric,0.0,False,False,0.037228939530998616,0.6288810034959984,0.6288810034959984,,
V39,numeric,0.2861262573238053,False,False,0.20309652907842843,0.62872936318789,0.62872936318789,,
V81,numeric,0.15098723202492634,False,False,0.18237723430445077,0.6285119569121838,0.6285119569121838,,
V80,numeric,0.15098723202492634,False,False,0.18029947217066442,0.6274288085119384,0.6274288085119384,,
V74,numeric,0.13055169844549055,False,False,0.18591509316376564,0.6272991838206727,0.6272991838206727,,
V43,numeric,0.2861262573238053,False,False,0.19827388575876656,0.6266258773306898,0.6266258773306898,,
V32,numeric,0.1288193856470349,False,False,0.16019713121107101,0.6264598028670212,0.6264598028670212,,
V31,numeric,0.1288193856470349,False,False,0.16316648223856722,0.6264328118220001,0.6264328118220001,,
V18,numeric,0.1288193856470349,False,False,0.1825498981655114,0.6263397338852408,0.6263397338852408,,
V17,numeric,0.1288193856470349,False,False,0.18267262266154996,0.6262214727874421,0.6262214727874421,,
V85,numeric,0.15098723202492634,False,False,0.16883986941250506,0.6260020237306458,0.6260020237306458,,
V42,numeric,0.2861262573238053,False,False,0.1894282827316195,0.6252189819058087,0.6252189819058087,,
V84,numeric,0.15098723202492634,False,False,0.16911015898484263,0.6250067581855576,0.6250067581855576,,
V22,numeric,0.1288193856470349,False,False,0.15881448337431622,0.6241119435524659,0.6241119435524659,,
V21,numeric,0.1288193856470349,False,False,0.16598476139524257,0.6240949640413082,0.6240949640413082,,
V229,numeric,0.7791343516103905,False,False,0.13722545964943775,0.622702055142682,0.622702055142682,,
D10,numeric,0.1287330240119213,False,False,-0.07200190861826174,0.6224765065739852,0.6224765065739852,,
V73,numeric,0.13055169844549055,False,False,0.17387006465051627,0.621417904412034,0.621417904412034,,
V167,numeric,0.763553696616656,False,False,-0.012853528116773014,0.6213648938414862,0.6213648938414862,,
V202,numeric,0.763553696616656,False,False,-0.01802750952830989,0.6207303626137721,0.6207303626137721,,
V257,numeric,0.7791343516103905,False,False,0.38305975102060336,0.6194932604746229,0.6194932604746229,,
V232,numeric,0.7791343516103905,False,False,0.05460188594943609,0.6189524969285396,0.6189524969285396,,
V274,numeric,0.7791343516103905,False,False,0.015517783327583072,0.6187483797062208,0.6187483797062208,,
D3,numeric,0.44514850814508755,False,False,-0.046271381348850976,0.6182337103754716,0.6182337103754716,,
V171,numeric,0.7632353439225116,False,False,0.21650849435378494,0.617438135949161,0.617438135949161,,
V58,numeric,0.13055169844549055,False,False,0.1730653108999259,0.6160024783669505,0.6160024783669505,,
V230,numeric,0.7791343516103905,False,False,0.23173981248706352,0.6159163974936244,0.6159163974936244,,
C13,numeric,0.0,False,False,-0.011145752229048362,0.6155061021792905,0.6155061021792905,,
D15,numeric,0.1509008703898127,False,False,-0.07751940067231508,0.6153960468544493,0.6153960468544493,,
V57,numeric,0.13055169844549055,False,False,0.16888690850682317,0.614714680574202,0.614714680574202,,
V233,numeric,0.7791343516103905,False,False,0.04622615846500285,0.6141638427785957,0.6141638427785957,,
V275,numeric,0.7791343516103905,False,False,0.017120068865326486,0.6139404462444704,0.6139404462444704,,
V48,numeric,0.2861262573238053,False,False,-0.11578587857757704,0.6132217810888778,0.6132217810888778,,
C1,numeric,0.0,False,False,0.0305697596512405,0.6131052317846494,0.6131052317846494,,
V49,numeric,0.2861262573238053,False,False,-0.1109200910845349,0.6130640153248823,0.6130640153248823,,
V199,numeric,0.763553696616656,False,False,0.23102431150770394,0.61210527076016,0.61210527076016,,
V72,numeric,0.13055169844549055,False,False,0.16095093557360865,0.6118143008415321,0.6118143008415321,,
V60,numeric,0.13055169844549055,False,False,0.150951777637429,0.6110155721614795,0.6110155721614795,,
V71,numeric,0.13055169844549055,False,False,0.15684043831029035,0.6104507709386834,0.6104507709386834,,
V178,numeric,0.763553696616656,False,False,-0.016543436917623628,0.6099447591714259,0.6099447591714259,,
V212,numeric,0.763553696616656,False,False,-0.02113814144966936,0.6097948664944072,0.6097948664944072,,
V170,numeric,0.7632353439225116,False,False,0.2497944772456456,0.6095562503091311,0.6095562503091311,,
V64,numeric,0.13055169844549055,False,False,0.1503707302678575,0.6093384764440777,0.6093384764440777,,
V59,numeric,0.13055169844549055,False,False,0.15106152341152404,0.6093005102435415,0.6093005102435415,,
V63,numeric,0.13055169844549055,False,False,0.15335271668669617,0.6077580637310963,0.6077580637310963,,
V201,numeric,0.7632353439225116,False,False,0.32800503459815633,0.6077075567764754,0.6077075567764754,,
V246,numeric,0.7791343516103905,False,False,0.36687769909837226,0.6074882085657805,0.6074882085657805,,
V231,numeric,0.7791343516103905,False,False,0.04128936214795398,0.6073317385149566,0.6073317385149566,,
V179,numeric,0.763553696616656,False,False,-0.015904220881860526,0.6072033589651963,0.6072033589651963,,
V273,numeric,0.7791343516103905,False,False,0.015675660056657312,0.6071152025729509,0.6071152025729509,,
V213,numeric,0.763553696616656,False,False,-0.020601304839597972,0.6070086444635191,0.6070086444635191,,
V294,numeric,2.0320384732617603e-05,False,False,0.0042405043409351134,0.6046616219380667,0.6046616219380667,,
C11,numeric,0.0,False,False,0.027483734598876635,0.6044810745514736,0.6044810745514736,,
V317,numeric,2.0320384732617603e-05,False,False,0.005009759916373465,0.6043755770457971,0.6043755770457971,,
V228,numeric,0.7791343516103905,False,False,0.26886098278184223,0.6031777405145078,0.6031777405145078,,
V243,numeric,0.7791343516103905,False,False,0.21023818475957845,0.6011671200741775,0.6011671200741775,,
V200,numeric,0.7632353439225116,False,False,0.3187825140584428,0.6000178905994218,0.6000178905994218,,
D8,numeric,0.8731229044603245,False,False,-0.14263641015850032,0.5998369985527003,0.5998369985527003,,
V177,numeric,0.763553696616656,False,False,-0.013715499925933326,0.5997577798850312,0.5997577798850312,,
V211,numeric,0.763553696616656,False,False,-0.01857249281589311,0.5995308575164344,0.5995308575164344,,
V190,numeric,0.763553696616656,False,False,0.20514835499160297,0.5994788042407728,0.5994788042407728,,
V11,numeric,0.47293494090154775,False,False,-0.07194973041245233,0.5964145408039088,0.5964145408039088,,
V45,numeric,0.2861262573238053,False,False,0.2818319463764285,0.5963038570061642,0.5963038570061642,,
V10,numeric,0.47293494090154775,False,False,-0.07465802934887379,0.5962500182237398,0.5962500182237398,,
V176,numeric,0.763553696616656,False,False,0.16434304217518042,0.5954415566422941,0.5954415566422941,,
V187,numeric,0.763553696616656,False,False,0.02422824534339332,0.5951461200269155,0.5951461200269155,,
D1,numeric,0.0021488806854743116,False,False,-0.06719305903571177,0.5949028681480533,0.5949028681480533,,
id_01,numeric,0.7557608290716971,False,False,-0.12009888526804544,0.5932830024870022,0.5932830024870022,,
V280,numeric,2.0320384732617603e-05,False,False,-0.0007821870848123804,0.5921481622010607,0.5921481622010607,,
V244,numeric,0.7791343516103905,False,False,0.36412915896118997,0.5919922821530063,0.5919922821530063,,
V318,numeric,2.0320384732617603e-05,False,False,0.0009971344286089801,0.5919184604714498,0.5919184604714498,,
V295,numeric,2.0320384732617603e-05,False,False,-0.0016814534685523127,0.5918939644651295,0.5918939644651295,,
V308,numeric,2.0320384732617603e-05,False,False,0.0032532793791577716,0.591826804740719,0.591826804740719,,
V87,numeric,0.15098723202492634,False,False,0.25173744221271527,0.5906570707271025,0.5906570707271025,,
V242,numeric,0.7791343516103905,False,False,0.36059049026595935,0.5898240219744612,0.5898240219744612,,
V102,numeric,0.0005317167338368274,False,False,-0.00484762179315576,0.5896429016970893,0.5896429016970893,,
C14,numeric,0.0,False,False,0.007920558690608346,0.5894880839512509,0.5894880839512509,,
V133,numeric,0.0005317167338368274,False,False,-0.0031653122963093638,0.5889327976324228,0.5889327976324228,,
D2,numeric,0.4754919226470688,False,False,-0.08358321970827085,0.5887527810997071,0.5887527810997071,,
V38,numeric,0.2861262573238053,False,False,0.19900451029870594,0.5886506806851849,0.5886506806851849,,
V44,numeric,0.2861262573238053,False,False,0.2603761673461965,0.5854819928300857,0.5854819928300857,,
V103,numeric,0.0005317167338368274,False,False,-0.0051207189203271095,0.5850560468802098,0.5850560468802098,,
V134,numeric,0.0005317167338368274,False,False,-0.003511901830277897,0.584428397687681,0.584428397687681,,
V95,numeric,0.0005317167338368274,False,False,-0.004119681936686735,0.5843492997381029,0.5843492997381029,,
D4,numeric,0.2860466691502693,False,False,-0.06721630255951241,0.5842972701135056,0.5842972701135056,,
V126,numeric,0.0005317167338368274,False,False,-0.0035455731415698394,0.5825395021433457,0.5825395021433457,,
V97,numeric,0.0005317167338368274,False,False,-0.004490564812845985,0.5821587158419524,0.5821587158419524,,
V86,numeric,0.15098723202492634,False,False,0.25182798642395543,0.5815176643087107,0.5815176643087107,,
V306,numeric,2.0320384732617603e-05,False,False,-0.0018631493144336325,0.5808209243269309,0.5808209243269309,,
V279,numeric,2.0320384732617603e-05,False,False,-0.0037511494423917253,0.5805839496614151,0.5805839496614151,,
V186,numeric,0.763553696616656,False,False,0.1489080729313891,0.5802731371365052,0.5802731371365052,,
V128,numeric,0.0005317167338368274,False,False,-0.0019302533744437744,0.5802171721361112,0.5802171721361112,,
V189,numeric,0.7632353439225116,False,False,0.308219460369124,0.5797406395738096,0.5797406395738096,,
id_06,numeric,0.7682375452975243,False,False,-0.027139434813318927,0.5770980883339496,0.5770980883339496,,
V78,numeric,0.15098723202492634,False,False,0.15042457212509505,0.5751095117049089,0.5751095117049089,,
V35,numeric,0.2861262573238053,False,False,-0.07711565286472981,0.5742582799118903,0.5742582799118903,,
C6,numeric,0.0,False,False,0.020908983553783834,0.5732415144875368,0.5732415144875368,,
V101,numeric,0.0005317167338368274,False,False,-0.004712109985837034,0.5724599822545289,0.5724599822545289,,
V37,numeric,0.2861262573238053,False,False,0.1769468459122026,0.5720714187442626,0.5720714187442626,,
V132,numeric,0.0005317167338368274,False,False,-0.004263114526566466,0.5719061077386579,0.5719061077386579,,
V188,numeric,0.7632353439225116,False,False,0.30358227133771915,0.5718641016220717,0.5718641016220717,,
V36,numeric,0.2861262573238053,False,False,-0.06987475318173855,0.5717537784924468,0.5717537784924468,,
V316,numeric,2.0320384732617603e-05,False,False,-0.002960280683266066,0.5665922583452928,0.5665922583452928,,
V293,numeric,2.0320384732617603e-05,False,False,-0.004500804251332716,0.5663380753010462,0.5663380753010462,,
V292,numeric,2.0320384732617603e-05,False,False,0.026778500159434337,0.5651138019324471,0.5651138019324471,,
D12,numeric,0.8904104717715988,False,False,-0.028863827846510773,0.5648202443665515,0.5648202443665515,,
V77,numeric,0.15098723202492634,False,False,0.15838120990921878,0.5635618008145162,0.5635618008145162,,
D6,numeric,0.8760676668811597,False,False,-0.05723557903343884,0.5617209692014588,0.5617209692014588,,
V234,numeric,0.7605310393876791,False,False,-0.01935764456292577,0.5616769685825264,0.5616769685825264,,
V62,numeric,0.13055169844549055,False,False,0.07239883344940602,0.5602973128997677,0.5602973128997677,,
V236,numeric,0.7791343516103905,False,False,0.03997919668887188,0.5577076739745067,0.5577076739745067,,
V277,numeric,0.7791343516103905,False,False,0.010737611969998048,0.5575580527964238,0.5575580527964238,,
V291,numeric,2.0320384732617603e-05,False,False,0.020440597912171926,0.5571684549236191,0.5571684549236191,,
V222,numeric,0.7605310393876791,False,False,0.16638276427445287,0.5570359160560248,0.5570359160560248,,
V83,numeric,0.15098723202492634,False,False,0.06915472593125474,0.5559109361409484,0.5559109361409484,,
D14,numeric,0.8946946862193924,False,False,-0.00866257555117874,0.5543542707528313,0.5543542707528313,,
V12,numeric,0.1288193856470349,False,False,-0.052406009175090605,0.5510616985788617,0.5510616985788617,,
V237,numeric,0.7791343516103905,False,False,0.04272232327489822,0.5510490500999101,0.5510490500999101,,
V278,numeric,0.7791343516103905,False,False,0.010039548848609397,0.550954253405892,0.550954253405892,,
V76,numeric,0.15098723202492634,False,False,-0.04641888285405,0.5504119470206121,0.5504119470206121,,
V13,numeric,0.1288193856470349,False,False,-0.045706270838045765,0.5498113496355342,0.5498113496355342,,
V75,numeric,0.15098723202492634,False,False,-0.0521711184010788,0.5497698210836222,0.5497698210836222,,
V61,numeric,0.13055169844549055,False,False,0.04941222763739381,0.5482417204067834,0.5482417204067834,,
V180,numeric,0.7632353439225116,False,False,-0.009338650071619372,0.548119738406307,0.548119738406307,,
V239,numeric,0.7605310393876791,False,False,0.1413945261994247,0.5479019676409445,0.5479019676409445,,
V182,numeric,0.763553696616656,False,False,-0.010107615049371304,0.5474548610368575,0.5474548610368575,,
V215,numeric,0.763553696616656,False,False,-0.004800878155437685,0.5474270142648974,0.5474270142648974,,
V261,numeric,0.7791343516103905,False,False,0.10478494260852943,0.5465614788854813,0.5465614788854813,,
V47,numeric,0.2861262573238053,False,False,0.1641140634350231,0.5460820673474482,0.5460820673474482,,
V221,numeric,0.7605310393876791,False,False,0.13254518577822677,0.5457957439076316,0.5457957439076316,,
V248,numeric,0.7791343516103905,False,False,0.0785177667673555,0.5457554078024832,0.5457554078024832,,
V56,numeric,0.13055169844549055,False,False,0.061356147942770146,0.5455812405984137,0.5455812405984137,,
V183,numeric,0.763553696616656,False,False,-0.0006530800985977189,0.5451930643796378,0.5451930643796378,,
V216,numeric,0.763553696616656,False,False,-0.0006118973117611275,0.5451557614279868,0.5451557614279868,,
V82,numeric,0.15098723202492634,False,False,0.05111466657016953,0.5446271666731051,0.5446271666731051,,
V185,numeric,0.7632353439225116,False,False,0.10924541325577186,0.5443616774433617,0.5443616774433617,,
V235,numeric,0.7791343516103905,False,False,0.07619366563521275,0.5442023382254164,0.5442023382254164,,
V276,numeric,0.7791343516103905,False,False,0.009680710491207794,0.5441320043328127,0.5441320043328127,,
V290,numeric,2.0320384732617603e-05,False,False,0.040148936417534406,0.543986566251013,0.543986566251013,,
V184,numeric,0.7632353439225116,False,False,0.12139441667120238,0.5437886295996294,0.5437886295996294,,
V238,numeric,0.7605310393876791,False,False,0.11751178294587739,0.5426354278924805,0.5426354278924805,,
V307,numeric,2.0320384732617603e-05,False,False,0.005948114008690997,0.5418826568826487,0.5418826568826487,,
id_05,numeric,0.7682375452975243,False,False,-0.007978411819556932,0.5415157892115455,0.5415157892115455,,
V123,numeric,0.0005317167338368274,False,False,0.13822165473301326,0.540679069193739,0.540679069193739,,
V125,numeric,0.0005317167338368274,False,False,0.11199901952861813,0.5404222197785732,0.5404222197785732,,
V281,numeric,0.0021488806854743116,False,False,0.07262721128139657,0.5403854101448192,0.5403854101448192,,
V181,numeric,0.763553696616656,False,False,0.028337329938899994,0.5401459611618229,0.5401459611618229,,
V214,numeric,0.763553696616656,False,False,0.004850812415305397,0.540088888892467,0.540088888892467,,
V249,numeric,0.7791343516103905,False,False,0.11388722359124451,0.5397385739093591,0.5397385739093591,,
V53,numeric,0.13055169844549055,False,False,-0.04739953943952208,0.539072959747678,0.539072959747678,,
V312,numeric,2.0320384732617603e-05,False,False,0.03757812613381538,0.5389081560722707,0.5389081560722707,,
V99,numeric,0.0005317167338368274,False,False,-0.013178826745814432,0.5381901088166637,0.5381901088166637,,
V192,numeric,0.763553696616656,False,False,0.018343566914235228,0.5381447682396601,0.5381447682396601,,
id_02,numeric,0.7614522301622244,False,False,0.049397879967213135,0.5376327735173644,0.5376327735173644,,
V20,numeric,0.1288193856470349,False,False,0.04034101110148274,0.5375881543190618,0.5375881543190618,,
V253,numeric,0.7791343516103905,False,False,0.019651836299500645,0.5374923654692527,0.5374923654692527,,
V259,numeric,0.7605310393876791,False,False,0.1516381274711167,0.5373366457983456,0.5373366457983456,,
V262,numeric,0.7791343516103905,False,False,0.15033842322933993,0.5370779085017016,0.5370779085017016,,
V23,numeric,0.1288193856470349,False,False,0.149407773715331,0.5370633836483425,0.5370633836483425,,
V24,numeric,0.1288193856470349,False,False,0.12382430317339237,0.5367319688381614,0.5367319688381614,,
V287,numeric,2.0320384732617603e-05,False,False,0.02041684037974644,0.5361563330499305,0.5361563330499305,,
V315,numeric,0.0021488806854743116,False,False,0.04829809607725941,0.5360222514280629,0.5360222514280629,,
V140,numeric,0.8612371727571375,False,False,0.19693821962354255,0.5359038219278902,0.5359038219278902,,
V54,numeric,0.13055169844549055,False,False,-0.03702524794065792,0.535671836278238,0.535671836278238,,
V289,numeric,0.0021488806854743116,False,False,0.04262921127567752,0.5342902436709495,0.5342902436709495,,
V193,numeric,0.763553696616656,False,False,0.022069655678768067,0.5342283541425636,0.5342283541425636,,
V267,numeric,0.7791343516103905,False,False,-0.0073898162223317914,0.5341047024703416,0.5341047024703416,,
V124,numeric,0.0005317167338368274,False,False,0.07672122015707335,0.5340930775262412,0.5340930775262412,,
V224,numeric,0.7791343516103905,False,False,0.0011508951289593765,0.5340729976450059,0.5340729976450059,,
V313,numeric,0.0021488806854743116,False,False,0.04149425290949146,0.5340092877914142,0.5340092877914142,,
V247,numeric,0.7791343516103905,False,False,0.1797106997798426,0.5331243035513572,0.5331243035513572,,
V254,numeric,0.7791343516103905,False,False,0.049900939076955544,0.5330112170262485,0.5330112170262485,,
V19,numeric,0.1288193856470349,False,False,0.030903624732998874,0.5328638122543959,0.5328638122543959,,
V158,numeric,0.8612371727571375,False,False,0.2780662447880994,0.5326756337265459,0.5326756337265459,,
V130,numeric,0.0005317167338368274,False,False,0.0030759775320368986,0.532553732700181,0.532553732700181,,
D11,numeric,0.47293494090154775,False,False,-0.04509394193508515,0.5322893871713806,0.5322893871713806,,
V139,numeric,0.8612371727571375,False,False,0.14759400119744856,0.532229102858159,0.532229102858159,,
V67,numeric,0.13055169844549055,False,False,0.07619396234756776,0.5321919079286057,0.5321919079286057,,
V288,numeric,0.0021488806854743116,False,False,0.03532020787437091,0.5316425680903731,0.5316425680903731,,
V314,numeric,0.0021488806854743116,False,False,0.038535327801320414,0.5308054034580291,0.5308054034580291,,
V127,numeric,0.0005317167338368274,False,False,-0.002628643139588731,0.5304903658848577,0.5304903658848577,,
V55,numeric,0.13055169844549055,False,False,0.05011376566322531,0.5303692410550118,0.5303692410550118,,
V191,numeric,0.763553696616656,False,False,0.05519191286048414,0.5301906550507819,0.5301906550507819,,
V271,numeric,0.7605310393876791,False,False,0.02724846773531291,0.5298552810014319,0.5298552810014319,,
V96,numeric,0.0005317167338368274,False,False,-0.0054844636635398855,0.5297308778452932,0.5297308778452932,,
V272,numeric,0.7605310393876791,False,False,0.025381832704811154,0.5289960028784497,0.5289960028784497,,
V227,numeric,0.7605310393876791,False,False,0.01699191919167149,0.5289692057976353,0.5289692057976353,,
V46,numeric,0.2861262573238053,False,False,0.12599085488591907,0.5289497132440939,0.5289497132440939,,
V156,numeric,0.8612371727571375,False,False,0.2759520895145742,0.5286574485464481,0.5286574485464481,,
V157,numeric,0.8612371727571375,False,False,0.23486636956002344,0.5283064387230867,0.5283064387230867,,
V252,numeric,0.7791343516103905,False,False,0.15336400048669868,0.5280979385381271,0.5280979385381271,,
V270,numeric,0.7605310393876791,False,False,0.01568311590889753,0.5280873445171825,0.5280873445171825,,
V149,numeric,0.8612371727571375,False,False,0.2732821052990529,0.5279411654394609,0.5279411654394609,,
V5,numeric,0.47293494090154775,False,False,0.03690397255425023,0.5279290890020576,0.5279290890020576,,
V309,numeric,2.0320384732617603e-05,False,False,0.02025580729981614,0.5273332573277287,0.5273332573277287,,
V147,numeric,0.8612371727571375,False,False,0.2428943745397718,0.526984601103757,0.526984601103757,,
V284,numeric,2.0320384732617603e-05,False,False,0.035309303035049616,0.5266459122536717,0.5266459122536717,,
V196,numeric,0.763553696616656,False,False,0.03826621548403175,0.5264871593443442,0.5264871593443442,,
V268,numeric,0.7791343516103905,False,False,-0.005161072679026325,0.5260385020032184,0.5260385020032184,,
V225,numeric,0.7791343516103905,False,False,0.007935938017775309,0.5260101450986011,0.5260101450986011,,
V285,numeric,2.0320384732617603e-05,False,False,-0.009127666684282892,0.5257126733876669,0.5257126733876669,,
V195,numeric,0.7632353439225116,False,False,0.14705171587108742,0.5256288927396042,0.5256288927396042,,
V250,numeric,0.7605310393876791,False,False,0.045213161618491274,0.5255762906488436,0.5255762906488436,,
V255,numeric,0.7605310393876791,False,False,0.0380749441344736,0.5250297165414786,0.5250297165414786,,
V146,numeric,0.8612371727571375,False,False,0.19858410836535817,0.5249061753116604,0.5249061753116604,,
V150,numeric,0.8612270125647712,False,False,-0.06396456514351541,0.5247191425229061,0.5247191425229061,,
V155,numeric,0.8612371727571375,False,False,0.23419901739686866,0.5246988394639407,0.5246988394639407,,
V209,numeric,0.7632353439225116,False,False,-0.01882854191767653,0.5245161540975376,0.5245161540975376,,
V210,numeric,0.7632353439225116,False,False,-0.0006525308250586691,0.5244016088494963,0.5244016088494963,,
V175,numeric,0.7632353439225116,False,False,-0.0022224537037514105,0.5243391428635645,0.5243391428635645,,
V148,numeric,0.8612371727571375,False,False,0.22889104114794684,0.5239089286396037,0.5239089286396037,,
V4,numeric,0.47293494090154775,False,False,0.012610689217183809,0.5235865915071569,0.5235865915071569,,
V208,numeric,0.7632353439225116,False,False,0.00915020792206923,0.5235605491373342,0.5235605491373342,,
D13,numeric,0.8950926270870728,False,False,-0.059430392139737546,0.5235544876284908,0.5235544876284908,,
V174,numeric,0.7632353439225116,False,False,0.016204456730692478,0.5235432864503239,0.5235432864503239,,
V198,numeric,0.7632353439225116,False,False,0.13990292115480712,0.5222270151536339,0.5222270151536339,,
V116,numeric,0.0005317167338368274,False,False,0.08064377871983773,0.5221492905368792,0.5221492905368792,,
V154,numeric,0.8612371727571375,False,False,0.20695843357230037,0.521875895822022,0.521875895822022,,
V194,numeric,0.7632353439225116,False,False,0.1472039115091227,0.5217895871426605,0.5217895871426605,,
V114,numeric,0.0005317167338368274,False,True,0.0960860000167413,0.5210807977714633,0.5210807977714633,,
V115,numeric,0.0005317167338368274,False,False,0.0571082073763503,0.521078320439215,0.521078320439215,,
V256,numeric,0.7605310393876791,False,False,0.05304312268997228,0.5209415228938384,0.5209415228938384,,
V260,numeric,0.7791343516103905,False,False,0.12488856705074153,0.5203373198041765,0.5203373198041765,,
V145,numeric,0.8612270125647712,False,False,-0.06196403666644701,0.5199197882831497,0.5199197882831497,,
V153,numeric,0.8612371727571375,False,False,0.18311384057258376,0.5198290419082531,0.5198290419082531,,
V251,numeric,0.7605310393876791,False,False,0.06334827593073697,0.5196194365774075,0.5196194365774075,,
V197,numeric,0.7632353439225116,False,False,0.15398373154402709,0.5194246839452888,0.5194246839452888,,
V310,numeric,2.0320384732617603e-05,False,False,0.011071035212631206,0.5189072865894988,0.5189072865894988,,
V207,numeric,0.763553696616656,False,False,-0.012417636289724164,0.5189042493596958,0.5189042493596958,,
V320,numeric,2.0320384732617603e-05,False,False,0.004960880975737554,0.5185814118607406,0.5185814118607406,,
V298,numeric,2.0320384732617603e-05,False,False,0.0012942367007050763,0.5184090799707921,0.5184090799707921,,
V112,numeric,0.0005317167338368274,False,True,0.10521209993223535,0.5182273255306735,0.5182273255306735,,
V131,numeric,0.0005317167338368274,False,False,0.024974677273711,0.518147118358904,0.518147118358904,,
V332,numeric,0.8605496664070174,False,False,-0.023468291149377162,0.5179315006896509,0.5179315006896509,,
V323,numeric,0.8605496664070174,False,False,-0.023328624944233125,0.5178536910224789,0.5178536910224789,,
V333,numeric,0.8605496664070174,False,False,-0.024133896370810735,0.517804955732166,0.517804955732166,,
V324,numeric,0.8605496664070174,False,False,-0.024006119680191482,0.5177723014248635,0.5177723014248635,,
V113,numeric,0.0005317167338368274,False,True,0.11597582692794876,0.5175828722355109,0.5175828722355109,,
V152,numeric,0.8612270125647712,False,False,-0.05915385931556785,0.517542587381413,0.517542587381413,,
V111,numeric,0.0005317167338368274,False,True,0.12160956073760247,0.517448612232813,0.517448612232813,,
V226,numeric,0.7791343516103905,False,False,0.0022731133073467056,0.5174135278529298,0.5174135278529298,,
V296,numeric,0.0021488806854743116,False,False,0.004160508556701872,0.517273320435483,0.517273320435483,,
D7,numeric,0.9340992989467267,True,False,-0.12719850708196542,0.5172335714032597,0.5172335714032597,,
V129,numeric,0.0005317167338368274,False,False,0.012730588175913703,0.5172218634468952,0.5172218634468952,,
V245,numeric,0.7605310393876791,False,False,0.0913196967239913,0.5169140732902575,0.5169140732902575,,
V301,numeric,0.0021488806854743116,False,False,0.03208656188333775,0.5169131775221086,0.5169131775221086,,
V98,numeric,0.0005317167338368274,False,False,0.02731781300137452,0.5169098709589075,0.5169098709589075,,
V110,numeric,0.0005317167338368274,False,True,0.08162973964552091,0.5167382146741455,0.5167382146741455,,
V165,numeric,0.8612270125647712,False,False,-0.051398642534157615,0.5166614195399837,0.5166614195399837,,
V220,numeric,0.7605310393876791,False,False,0.07661637397883436,0.5166478090529177,0.5166478090529177,,
V169,numeric,0.7632353439225116,False,False,0.06810293439986534,0.5166123511390752,0.5166123511390752,,
V108,numeric,0.0005317167338368274,False,True,0.09679437359913677,0.5164780596723936,0.5164780596723936,,
V166,numeric,0.8612270125647712,False,False,-0.02943587774974222,0.5163867786220832,0.5163867786220832,,
V144,numeric,0.8612270125647712,False,False,-0.051970171053486225,0.5163334424566279,0.5163334424566279,,
V109,numeric,0.0005317167338368274,False,False,0.060994001066502525,0.5162361238033077,0.5162361238033077,,
V100,numeric,0.0005317167338368274,False,False,0.01128622599151254,0.5161072606593379,0.5161072606593379,,
V136,numeric,0.0005317167338368274,False,False,-4.225181584473561e-05,0.51558094821096,0.51558094821096,,
V66,numeric,0.13055169844549055,False,False,0.037630853193012806,0.5155431404768024,0.5155431404768024,,
V105,numeric,0.0005317167338368274,False,False,-0.0032292854695571624,0.5155208104324311,0.5155208104324311,,
V321,numeric,2.0320384732617603e-05,False,False,0.0016771114354831806,0.5152510567501392,0.5152510567501392,,
V299,numeric,2.0320384732617603e-05,False,False,-0.0003076622185041438,0.5151271129426843,0.5151271129426843,,
V106,numeric,0.0005317167338368274,False,False,-0.002091194706931023,0.5149905988279295,0.5149905988279295,,
V137,numeric,0.0005317167338368274,False,False,-0.00011479958381898497,0.5149350149621064,0.5149350149621064,,
V331,numeric,0.8605496664070174,False,False,-0.021982048900506555,0.5147069618433292,0.5147069618433292,,
V322,numeric,0.8605496664070174,False,False,-0.021540788669819892,0.5146759697770071,0.5146759697770071,,
id_09,numeric,0.8731229044603245,False,False,0.02943089396632997,0.5144069091515853,0.5144069091515853,,
V164,numeric,0.8612270125647712,False,False,-0.02744513920544514,0.513198127527534,0.513198127527534,,
V143,numeric,0.8612270125647712,False,False,-0.029766792193588982,0.5131102064145509,0.5131102064145509,,
D9,numeric,0.8731229044603245,False,False,-0.04425253921102908,0.5128033337238969,0.5128033337238969,,
V266,numeric,0.7791343516103905,False,False,-0.005256878230003737,0.5126729440034912,0.5126729440034912,,
V223,numeric,0.7791343516103905,False,False,0.0011065032954872193,0.5126684416390666,0.5126684416390666,,
V300,numeric,0.0021488806854743116,False,False,0.025316660712279934,0.5125992606615549,0.5125992606615549,,
V151,numeric,0.8612270125647712,False,False,-0.06086801752139512,0.5115986469186364,0.5115986469186364,,
V104,numeric,0.0005317167338368274,False,False,0.0034847210764033477,0.5106783254403663,0.5106783254403663,,
V135,numeric,0.0005317167338368274,False,False,-0.00027626329806655636,0.5105774713138101,0.5105774713138101,,
id_03,numeric,0.8876892335828225,False,False,0.04145664350595902,0.5102492572951933,0.5102492572951933,,
V205,numeric,0.763553696616656,False,False,-0.009895837921395279,0.5101880358138442,0.5101880358138442,,
V172,numeric,0.763553696616656,False,False,-0.01323747294473885,0.5101673619384566,0.5101673619384566,,
V329,numeric,0.8605496664070174,False,False,-0.023098890065908227,0.5083985136780668,0.5083985136780668,,
V338,numeric,0.8605496664070174,False,False,-0.0193564415813147,0.5083860650654726,0.5083860650654726,,
V319,numeric,2.0320384732617603e-05,False,False,6.07598854265774e-05,0.5078736216098722,0.5078736216098722,,
V297,numeric,2.0320384732617603e-05,False,False,0.0025295930881376622,0.5078312119814958,0.5078312119814958,,
id_11,numeric,0.7612727334304196,False,False,0.007914420181420044,0.5077740223909704,0.5077740223909704,,
V162,numeric,0.8612371727571375,False,False,0.053302336233607,0.5073153157252319,0.5073153157252319,,
V330,numeric,0.8605496664070174,False,False,-0.021163925073661924,0.5070185224219445,0.5070185224219445,,
V339,numeric,0.8605496664070174,False,False,-0.014663379418456357,0.5070051763002792,0.5070051763002792,,
V163,numeric,0.8612371727571375,False,False,0.04653220466098824,0.5067634994039815,0.5067634994039815,,
V142,numeric,0.8612371727571375,False,False,0.08041082180216999,0.5067548378066459,0.5067548378066459,,
V161,numeric,0.8612371727571375,False,False,0.03980598860471173,0.5066387893360026,0.5066387893360026,,
V141,numeric,0.8612371727571375,False,False,0.08562757438174091,0.506632670419189,0.506632670419189,,
V328,numeric,0.8605496664070174,False,False,-0.011053260609156918,0.5061456451915824,0.5061456451915824,,
V337,numeric,0.8605496664070174,False,False,-0.0057024281666271,0.5061373590389744,0.5061373590389744,,
V26,numeric,0.1288193856470349,False,False,0.015929046145121816,0.5061121851345457,0.5061121851345457,,
V159,numeric,0.8612270125647712,False,False,-0.06266039086816988,0.5051278160213214,0.5051278160213214,,
V335,numeric,0.8605496664070174,False,False,-0.0054559581886120066,0.5050303906622107,0.5050303906622107,,
V326,numeric,0.8605496664070174,False,False,-0.006837540006062442,0.505012163504318,0.505012163504318,,
V119,numeric,0.0005317167338368274,False,True,0.04813451578180824,0.5047633873397173,0.5047633873397173,,
V117,numeric,0.0005317167338368274,False,True,0.04943855818274608,0.5047368278735485,0.5047368278735485,,
V118,numeric,0.0005317167338368274,False,True,0.040601370818555825,0.5045287489068312,0.5045287489068312,,
V336,numeric,0.8605496664070174,False,False,-0.002402066638591176,0.5043165372031891,0.5043165372031891,,
V327,numeric,0.8605496664070174,False,False,-0.0010497488677671564,0.5043067806507315,0.5043067806507315,,
V138,numeric,0.8612371727571375,False,False,0.042658314784321194,0.504019766319582,0.504019766319582,,
V9,numeric,0.47293494090154775,False,False,0.03791477628193624,0.5036067388614404,0.5036067388614404,,
V173,numeric,0.763553696616656,False,False,-0.021348518349905206,0.5035366023724264,0.5035366023724264,,
V206,numeric,0.763553696616656,False,False,-0.005695251103899211,0.5035362006864816,0.5035362006864816,,
V3,numeric,0.47293494090154775,False,False,0.04925741608291109,0.5034817248539274,0.5034817248539274,,
id_04,numeric,0.8876892335828225,False,True,-0.05970132128618345,0.5031740922295154,0.5031740922295154,,
id_07,numeric,0.9912707013919464,True,False,-0.08476785965792837,0.5028727422959856,0.5028727422959856,,
id_10,numeric,0.8731229044603245,False,False,0.011042562365330858,0.5028444359630341,0.5028444359630341,,
V6,numeric,0.47293494090154775,False,False,0.010552477634240042,0.5028236592883152,0.5028236592883152,,
V122,numeric,0.0005317167338368274,False,True,0.01871204686441621,0.502328610192887,0.502328610192887,,
V121,numeric,0.0005317167338368274,False,True,0.01232953075458435,0.5021090835589005,0.5021090835589005,,
V120,numeric,0.0005317167338368274,False,True,0.01967812076339144,0.5020842966062701,0.5020842966062701,,
V311,numeric,2.0320384732617603e-05,False,False,0.0013001555716181039,0.5020632714892194,0.5020632714892194,,
V286,numeric,2.0320384732617603e-05,False,False,0.004408655244829479,0.5020070326969679,0.5020070326969679,,
C3,numeric,0.0,False,True,-0.006833173826653249,0.5020058475111234,0.5020058475111234,,
id_08,numeric,0.9912707013919464,True,False,-0.05748877227233186,0.5019103320285566,0.5019103320285566,,
V7,numeric,0.47293494090154775,False,False,0.02349200147721833,0.5016497763599364,0.5016497763599364,,
V334,numeric,0.8605496664070174,False,False,-0.00045073113888020243,0.5015432968892329,0.5015432968892329,,
V325,numeric,0.8605496664070174,False,False,0.00779243787740431,0.5015370012900499,0.5015370012900499,,
V25,numeric,0.1288193856470349,False,False,0.0038264929638419896,0.5014932331479196,0.5014932331479196,,
V160,numeric,0.8612270125647712,False,False,-0.062338297445949556,0.5012977330232669,0.5012977330232669,,
V269,numeric,0.7791343516103905,False,False,-0.0059044863500249,0.5010769239241021,0.5010769239241021,,
V2,numeric,0.47293494090154775,False,False,0.019872176833452826,0.5010465836845175,0.5010465836845175,,
V8,numeric,0.47293494090154775,False,False,0.01604125649876978,0.5005941659939657,0.5005941659939657,,
V89,numeric,0.15098723202492634,False,True,-0.005187741847718364,0.5003702553358005,0.5003702553358005,,
V28,numeric,0.1288193856470349,False,True,-0.004894602580518815,0.5003456886310556,0.5003456886310556,,
V27,numeric,0.1288193856470349,False,True,-0.004979400635690831,0.5003430564841185,0.5003430564841185,,
V240,numeric,0.7791343516103905,False,True,0.0027928017313073785,0.5002936503867704,0.5002936503867704,,
V68,numeric,0.13055169844549055,False,True,-0.00404808584379758,0.5002333836950781,0.5002333836950781,,
V41,numeric,0.2861262573238053,False,True,0.004154144923513904,0.5002200833044659,0.5002200833044659,,
V107,numeric,0.0005317167338368274,False,True,0.0025535525264307195,0.5001423651418616,0.5001423651418616,,
V65,numeric,0.13055169844549055,False,True,0.0027009818428815223,0.5001267119161671,0.5001267119161671,,
V14,numeric,0.1288193856470349,False,True,0.0021454034425817557,0.5001251863588078,0.5001251863588078,,
V241,numeric,0.7791343516103905,False,True,0.001988497225526929,0.5000792430830409,0.5000792430830409,,
V88,numeric,0.15098723202492634,False,True,0.0005535873250203081,0.5000558230515448,0.5000558230515448,,
V1,numeric,0.47293494090154775,False,True,0.00104545031014382,0.5000149154993094,0.5000149154993094,,
V305,numeric,2.0320384732617603e-05,False,True,-0.0004955644383046212,0.5000035095292492,0.5000035095292492,,
id_19,categorical,0.7640837199850984,False,False,,,0.22071543796821655,0.22071543796821655,1.0
id_20,categorical,0.7641802418125783,False,False,,,0.2150996933869933,0.2150996933869933,1.0
id_31,categorical,0.7624513157449114,False,False,,,0.18770914525972174,0.18770914525972174,1.0
id_17,categorical,0.7639973583499847,False,False,,,0.18361841667197235,0.18361841667197235,1.0
id_35,categorical,0.7612608798726589,False,False,,,0.1705792760943864,0.1705792760943864,0.10160295896787475
id_13,categorical,0.7844007179869272,False,False,,,0.16847942860529416,0.16847942860529416,1.0
id_15,categorical,0.7612608798726589,False,False,,,0.15370241924094066,0.15370241924094066,0.08409609059475127
id_29,categorical,0.7612727334304196,False,False,,,0.15306225000500454,0.15306225000500454,0.08345373225143891
id_28,categorical,0.7612727334304196,False,False,,,0.15143312998060168,0.15143312998060168,0.08174278711397095
M4,categorical,0.47658753005723575,False,False,,,0.15038932440836664,0.15038932440836664,0.09516716835626662
id_16,categorical,0.7809801198902699,False,False,,,0.14613642270737393,0.14613642270737393,0.08444062180387765
id_38,categorical,0.7612608798726589,False,False,,,0.14512424812765065,0.14512424812765065,0.07679150009966401
id_36,categorical,0.7612608798726589,False,False,,,0.1385568906208875,0.1385568906208875,0.060884274270315855
id_37,categorical,0.7612608798726589,False,False,,,0.13723659202580843,0.13723659202580843,0.06231144059239728
id_12,categorical,0.7557608290716971,False,False,,,0.13611454948283144,0.13611454948283144,0.060744082867622326
M6,categorical,0.28678836319300977,False,False,,,0.12411163604402738,0.12411163604402738,0.053639824331949165
id_33,categorical,0.8758949436109323,False,False,,,0.09587397820079224,0.09587397820079224,1.0
M3,categorical,0.4590713584177194,False,False,,,0.09198981590743999,0.09198981590743999,0.035771606969147905
M2,categorical,0.4590713584177194,False,False,,,0.09178343688660484,0.09178343688660484,0.034756950524550245
M1,categorical,0.4590713584177194,False,True,,,0.08941930501739846,0.08941930501739846,0.05282552563629657
id_18,categorical,0.9236072069631185,True,False,,,0.08277015359214643,0.08277015359214643,0.3333333333333333
id_25,categorical,0.9913096487960172,True,False,,,0.08126517686859784,0.08126517686859784,1.0
id_21,categorical,0.9912639279303688,True,False,,,0.0776042662424594,0.0776042662424594,1.0
M9,categorical,0.5863311545365258,False,False,,,0.07152845424237761,0.07152845424237761,0.027977372505837587
M8,categorical,0.5863311545365258,False,False,,,0.07042084035889966,0.07042084035889966,0.029546379799610785
M7,categorical,0.5863531682866528,False,False,,,0.06987801858898936,0.06987801858898936,0.026417780512109277
id_30,categorical,0.868654113184543,False,False,,,0.06719004872950572,0.06719004872950572,0.6
id_14,categorical,0.8644562603718631,False,False,,,0.05138461393815069,0.05138461393815069,1.0
id_26,categorical,0.9912571544687913,True,False,,,0.05058687542399775,0.05058687542399775,1.0
id_32,categorical,0.8686185525112609,False,False,,,0.03869690940403746,0.03869690940403746,0.46644533427948703
id_24,categorical,0.9919615944728554,True,False,,,0.035488023442055774,0.035488023442055774,1.0
id_22,categorical,0.9912469942764249,True,False,,,0.03403582710392266,0.03403582710392266,1.0
id_34,categorical,0.8682477054898906,False,False,,,0.028873599943659317,0.028873599943659317,0.06365101289134438
id_23,categorical,0.9912469942764249,True,False,,,0.028236634482573464,0.028236634482573464,0.10268366423291601
M5,categorical,0.5934940901547736,False,False,,,0.02479237874912688,0.02479237874912688,0.011174878837865339
id_27,categorical,0.9912469942764249,True,True,,,0.024350600538343842,0.024350600538343842,0.08263821532492725
